{"contactList":[{"category":"Doctors","address":"19/20 Satra Plaza, #64 Ground Floor,Sector 19-D, Palm Beach Road, Vashi, Navi Mumbai \u2013 400705","name":"Dr. Goral Gandhi (Dentist)","contactNo":"02227830100, 02227830200","srNo":1,"city":"Vashi"},{"category":"Doctors","address":"Shop 7,Plot No 51 M J Hospital Premise,Sector 15, Maratha Bhavan Marg Nr C Ward Office, Vashi, Navi Mumbai \u2013 400705","name":"Dr Ashish Dhawan (Dentist)","contactNo":"9322122088 , 02227657216","srNo":2,"city":"Vashi"},{"category":"Doctors","address":"Flat No 141, Sai Arcade, Mission Compound, Line Ali , Panvel, Navi Mumbai \u2013 410206","name":"Dr Subhash Singh","contactNo":"9920512172 , 022 27458623, 02227466024, 02227462929","srNo":3,"city":"Panvel"},{"category":"Doctors","address":"Room No 3, 1st Floor, Building No C 1/12, Sector No 2, Vashi, Navi Mumbai - 400703","name":"Dr Ashwini Padmawar (Derma)","contactNo":"9867922499, 9819357018 , 02227822714, 02265112714","srNo":4,"city":"Vashi"},{"category":"Doctors","address":"04, Mangal Tower, Plot No 53, Sector 17, Vashi, Navi Mumbai \u2013 400703","name":"Dr Gaurang S Mistry","contactNo":"2227882289","srNo":5,"city":"Vashi"},{"category":"Doctors","address":"F-6, B-2, Rainbow Apartments, Sector No 10, Vashi, Navi Mumbai - 400703","name":"Dr Nitish Jhawar","contactNo":"9821624323, 9322229159 , 02265211300, 02227899484","srNo":6,"city":"Vashi"},{"category":"Doctors","address":"Shop No B/1, 1st Floor, Gurusharnam Complex, Dwarkamai, Vishrali Naka, Panvel, Navi Mumbai - 410206","name":"Dr Bhupendra Singh Sahni","contactNo":"9322405829 , 02227459533","srNo":7,"city":"Panvel"},{"category":"Doctors","address":"Nl5/2/3, Sector-9, Opp Hotel Vin-vina, Nerul, Navi Mumbai \u2013 400706","name":"Dr Desmond Dsouza,Dr Desmond D'souza","contactNo":"2227703165","srNo":8,"city":"Nerul"},{"category":"Doctors","address":"21 Prajapati Gaurav, Sec-2, Nr Siemens, Kharghar, Navi Mumbai \u2013 410210","name":"Dr Sarika Subodh","contactNo":"2227745080","srNo":9,"city":"Kharghar"},{"category":"Doctors","address":"15, Shanti Center, 2nd Floor, Sector 17, Vashi, Navi Mumbai \u2013 400703","name":"Dr Anand Krishnamurthy","contactNo":"9820291444 , 02227663342","srNo":10,"city":"Vashi"},{"category":"Doctors","address":"City Corner 1, Plot No 109, Sector 29, Opposite Apna Bazaar, Vashi, Navi Mumbai \u2013 400705","name":"Dr Anand Krishnamurthy","contactNo":"9820291444 , 02227652278, 02232990210","srNo":11,"city":"Vashi"},{"category":"Doctors","address":"12, Shivam Park, 1st Floor, Plot 25 Sector 21, Nerul, Navi Mumbai \u2013 400706","name":"Mr Abhay G Uppe","contactNo":"9769319554","srNo":12,"city":"Nerul"},{"category":"Doctors","address":"Shop No 1, Heritage Building , Plot No 22, Sector No 5, New Panvel, Navi Mumbai \u2013 410206","name":"Dr Deepak Shrivastav","contactNo":"9869790053, 9773916033","srNo":13,"city":"Panvel"},{"category":"Doctors","address":"B/7, Ameya Co Operative Housing Society, Sector No 9/A, Vashi, Navi Mumbai \u2013 400703","name":" Mr Pritam Dutta","contactNo":"9892227335 , 02227651905","srNo":14,"city":"Vashi"},{"category":"Doctors","address":"1st Floor, 111, Nirman Vyapar Premises, Sector 17, Vashi, Navi Mumbai \u2013 400705","name":"Dr Sharad V Kumar","contactNo":"9821662442, 9930185453 , 02227657810","srNo":15,"city":"Vashi"},{"category":"Doctors","address":"C/O Ashirwad Hospital, 1st Floor, Giriraj Dham, Plot No 11, Sector No 10, Kopar Khairane, Navi Mumbai - 400709","name":"Dr Divyang K Shah","contactNo":"9820461719, 9324815509 , 02227543495, 02227543508","srNo":16,"city":"Kopar Khairane"},{"category":"Doctors","address":"Shop 12 Ground Floor, Vardhaman Chambers, Plot 84 Sector 17, Vashi, Navi Mumbai \u2013 400703","name":"Dr Vasavi Santosh","contactNo":"9821230663","srNo":17,"city":"Vashi"},{"category":"Doctors","address":"Building No F6, Shop No 6, Rainbow Apartment, Sector 10, Vashi, Navi Mumbai \u2013 400703","name":"Dr Sandeep Patil","contactNo":"9820415060 , 02232434210","srNo":18,"city":"Vashi"},{"category":"Doctors","address":"A-26, Shanti Centre, 2nd Floor, Sector 17, Navi Mumbai \u2013 400705","name":"Dr Satish Udare","contactNo":"9867602191 , 02227894764","srNo":19,"city":""},{"category":"Doctors","address":"Shop-10/F-6, Sector-10, Vashi, Navi Mumbai \u2013 400703","name":"Dr Sunil Gokhale","contactNo":"2227661819","srNo":20,"city":"Vashi"},{"category":"Doctors","address":"RH3, Plot No 91, Main Road, Sector No 3, Jitendra Society, Kopar Khairane, Navi Mumbai - 400709","name":"Dr Mahendra D Dive","contactNo":"9821336549, 9322509283 , 02227542979, 02227540154, 02227542989","srNo":21,"city":"Kopar Khairane"},{"category":"Doctors","address":"Shop No 3, Plot 305, Varun CHS Sector 21, Nerul , Nerul, Navi Mumbai - 400706","name":"Sugandha Ghonsgi","contactNo":"9820461083, 9769690899","srNo":22,"city":"Nerul"},{"category":"Doctors","address":"B 2/5, Sector No 15, Vashi, Navi Mumbai \u2013 400705","name":"Dr Harshavardhan G Ghorpade","contactNo":"9867208524, 9867741661 , 02227898555","srNo":23,"city":"Vashi"},{"category":"Doctors","address":"Shop No 3, Sai Plaza CHS, Sector 15-A, New Panvel, Navi Mumbai \u2013 410206","name":"Dr Imran Attar","contactNo":"9892413539","srNo":24,"city":"New Panvel"},{"category":"Doctors","address":"001, Monil Cottage, Plot Number 14 A, Sector Number 21, Nerul, Navi Mumbai \u2013 400706","name":"Dr Amit Girey","contactNo":"9820415792, 9029820241 , 02232222361","srNo":25,"city":"Nerul"},{"category":"Doctors","address":"30, The Affaires, Palm Beach Road, Sector 17, Sanpada, Navi Mumbai \u2013 400705","name":"Mr Bhushan Phadtare","contactNo":"9167841370 , 02267313636","srNo":26,"city":"Sanpada"},{"category":"Doctors","address":"Flat No 11, Plot No 183, Siddharth Building, Sector 12, Vashi, Navi Mumbai \u2013 400703","name":"Dr Archana Janugade","contactNo":"9820617558, 9930306399 , 02227802940","srNo":27,"city":"Vashi"},{"category":"Doctors","address":"Shop No 14/15, Plot No 29/30, Safal Ganga Complex, Sector 19, Nerul East, Navi Mumbai \u2013 400706","name":"Dr Varsha Rao","contactNo":"9821034814 , 02227718683","srNo":28,"city":"Nerul East"},{"category":"Doctors","address":"Vikas Niketan, Plot No 8/3 A, Sector No 6, Airoli, Navi Mumbai \u2013 400708","name":"Dr Vishwas Parulekar","contactNo":"9004392551, 9004390929 , 02227600307","srNo":29,"city":"Airoli"},{"category":"Doctors","address":"Shop No 4/5, Shree Radhakrishna CHS, Plot No 33, Sector 42/A, Seawood West, Navi Mumbai - 400706","name":"Mr Shakil","contactNo":"9619051959, 9930942712 , 02232719599","srNo":30,"city":"Seawood West"},{"category":"Doctors","address":"102/A , Anand Sagar, Abhyudaya Bank Marg, Sector 19-Vashi, Navi Mumbai \u2013 400703","name":"Mr Tilwe,Dr Ajay Tilwe","contactNo":"9821134489 , 02227891684, 02227891624","srNo":31,"city":"Vashi"},{"category":"Doctors","address":"Plot No B-58 Near Indian Oil Petrol Pump, Sector 12, Kharghar , Kharghar, Navi Mumbai \u2013 410210","name":"Dr Mrs Meena Srikanth / Dr Srikanth Balasubramanian","contactNo":"9820504365, 9322595634 , 02269957032","srNo":32,"city":"Kharghar"},{"category":"Doctors","address":"Sai Cooperative Society, Sector 12, Kharghar, Navi Mumbai \u2013 410210","name":"Manas Hospital","contactNo":"2269904354","srNo":33,"city":"Kharghar"},{"category":"Doctors","address":"Skinfiniti, F-7 C-1, Above Real Taste, Near Gavdevi mandir, Sector-10, Vashi, Navi Mumbai-400703, India","name":"Dr. Jaishree Sharad","contactNo":"02227663640, 02265120739","srNo":34,"city":"Vashi"},{"category":"Hospitals","address":"19/20 Satra Plaza, #64 Ground Floor,Sector 19-D, Palm Beach Road, Vashi, Navi Mumbai \u2013 400705","name":"Rotunda IVF & Keyhole Surgery Clinic","contactNo":"02227830100, 02227830200","srNo":35,"city":"Vashi"},{"category":"Hospitals","address":"Shop 7,Plot No 51 M J Hospital Premise,Sector 15, Maratha Bhavan Marg Nr C Ward Office, Vashi, Navi Mumbai \u2013 400705","name":"Pinak Dental Clinic","contactNo":"9322122088 , 022 \u2013 27657216","srNo":36,"city":"Vashi"},{"category":"Hospitals","address":"Vikas Niketan, Plot No 8/3 A, Sector No 6, Airoli, Navi Mumbai \u2013 400708","name":"Parulekar Hospital","contactNo":"9004392551, 9004390929 , 02227600307","srNo":37,"city":"Airoli"},{"category":"Hospitals","address":"Room No 3, 1st Floor, Building No C 1/12, Sector No 2, Vashi, Navi Mumbai \u2013 400703","name":"Derma Care Skin Clinic","contactNo":"9867922499, 9819357018 , 02227822714, 02265112714","srNo":38,"city":"Vashi"},{"category":"Hospitals","address":"Flat No 141, Sai Arcade, Mission Compound, Line Ali , Panvel, Navi Mumbai \u2013 410206","name":"Panacea Hospital","contactNo":"9920512172 , 02227458623, 02227466024, 02227462929","srNo":39,"city":"Panvel"},{"category":"Hospitals","address":"8/9, Arenja Arcade, Sector 17, Vashi, Navi Mumbai \u2013 400703","name":"Vashi Diagnostic Centre Pvt Ltd","contactNo":"02227891188, 02227898811","srNo":40,"city":"Vashi"},{"category":"Hospitals","address":"Plot No D/2, Aditi Apartments, Type F, Sector No 9, Vashi, Navi Mumbai \u2013 400703","name":"Global 5 Health Care","contactNo":"02227894820, 02227894819, 02227898287, 02227655110","srNo":41,"city":"Vashi"},{"category":"Hospitals","address":"Shop No 14/15, Plot No 29/30, Safal Ganga Complex, Sector 19, Nerul East, Navi Mumbai \u2013 400706","name":"Om Dental Care and Implant Centre","contactNo":"9821034814 , 02227718683","srNo":42,"city":"Nerul East"},{"category":"Hospitals","address":"Plot No 77/4/5, Vidhya CHS, Nityanand Marg, Panvel, Navi Mumbai \u2013 410206","name":"Sahasrabudhe Hospital","contactNo":"2227454058","srNo":43,"city":"Panvel"},{"category":"Hospitals","address":"Plot No 142, MCCH Society, Panvel, Navi Mumbai \u2013 410206","name":"Gandhi Hospital","contactNo":"02227465023, 02265162452","srNo":44,"city":"Panvel"},{"category":"Hospitals","address":"Building No F6, Shop No 6, Rainbow Apartment, Sector 10, Vashi, Navi Mumbai \u2013 400703","name":"We Care Clinic","contactNo":"9820415060 , 02232434210","srNo":45,"city":"Vashi"},{"category":"Hospitals","address":"C/O Ashirwad Hospital, 1st Floor, Giriraj Dham, Plot No 11, Sector No 10, Kopar Khairane, Navi Mumbai \u2013 400709","name":"Vidhi Eye & Skin Centre","contactNo":"9820461719, 9324815509 , 02227543495, 02227543508","srNo":46,"city":"Kopar Khairane"},{"category":"Hospitals","address":"Shop No 4/5, Shree Radhakrishna CHS, Plot No 33, Sector 42/A, Seawood West, Navi Mumbai \u2013 400706","name":"Way 2 Health Diagnostic Center","contactNo":"9619051959, 9930942712 , 02232719599","srNo":47,"city":"Seawood West"},{"category":"Hospitals","address":"1st Floor, Phase 1, Sector 1, Plot No 1, Shree Ganesh Plaza, Khanda Colony, New Panvel, Navi Mumbai \u2013 410206","name":"Maxx Healthcare Hospital","contactNo":"9867461508, 9029496422 , 02232227592","srNo":48,"city":"New Panvel"},{"category":"Hospitals","address":"Shop No 3, Sai Plaza CHS, Sector 15-A, New Panvel, Navi Mumbai \u2013 410206","name":"Smilez Care Dental Clinic","contactNo":"9892413539","srNo":49,"city":"New Panvel"},{"category":"Hospitals","address":"Shop No B/1, 1st Floor, Gurusharnam Complex, Dwarkamai, Vishrali Naka, Panvel, Navi Mumbai \u2013 410206","name":"Dr Sahnis Homoeopathy Clinic","contactNo":"9322405829 , 02227459533","srNo":50,"city":"Panvel"},{"category":"Hospitals","address":"City Corner 1, Plot No 109, Sector 29, Opposite Apna Bazaar, Vashi, Navi Mumbai - 400705","name":"Citizen Dental Clinics","contactNo":"9820291444 , 02227652278, 02232990210","srNo":51,"city":"Vashi"},{"category":"Hospitals","address":"Office No 101, Shree Tower, Sector 20, Kharghar, Navi Mumbai \u2013 410210","name":"Kharghar Diabetes, Heart & Child Center","contactNo":"9325008557 , 02231901630","srNo":52,"city":"Kharghar"},{"category":"Hospitals","address":"Plot No B-58 Near Indian Oil Petrol Pump, Sector 12, Kharghar , Kharghar, Navi Mumbai \u2013 410210","name":"ABMS Clinic (Maternity & Child)","contactNo":"9820504365, 9322595634 , 02269957032","srNo":53,"city":"Kharghar"},{"category":"Hospitals","address":"Shop No 3, Plot 305, Varun CHS Sector 21, Nerul , Nerul, Navi Mumbai \u2013 400706","name":"Smiles Dental Care Clinic","contactNo":"9820461083, 9769690899","srNo":54,"city":"Nerul"},{"category":"Hospitals","address":"Flat No 11, Plot No 183, Siddharth Building, Sector 12, Vashi, Navi Mumbai \u2013 400703","name":"Dr Janugade Hair & Skin Care Clinic","contactNo":"9820617558, 9930306399 , 02227802940","srNo":55,"city":"Vashi"},{"category":"Hospitals","address":"30, The Affaires, Palm Beach Road, Sector 17, Sanpada, Navi Mumbai \u2013 400705","name":"Advanced Eye Hospital and Institute","contactNo":"9167841370 , 02267313636","srNo":56,"city":"Sanpada"},{"category":"Hospitals","address":"102/A , Anand Sagar, Abhyudaya Bank Marg, Sector 19-Vashi, Navi Mumbai \u2013 400703","name":"Dr Tilwe Nursing Home","contactNo":"9821134489 , 02227891684, 02227891624","srNo":57,"city":"Vashi"},{"category":"Hospitals","address":"Office No 102/A, Anand Sagar Building, Sector-17, Vashi, Navi Mumbai \u2013 400705","name":"Tilwe Nursing Home","contactNo":"02227891684, 27891624","srNo":58,"city":"Vashi"},{"category":"Hospitals","address":"001, Monil Cottage, Plot Number 14 A, Sector Number 21, Nerul, Navi Mumbai \u2013 400706","name":"Om Physiotherapy Clinic","contactNo":"9820415792, 9029820241 , 02232222361","srNo":59,"city":"Nerul"},{"category":"Hospitals","address":"F-6, B-2, Rainbow Apartments, Sector No 10, Vashi, Navi Mumbai \u2013 400703","name":"Jhawar Hospital","contactNo":"9821624323, 9322229159 , 02265211300, 02227899484","srNo":60,"city":"Vashi"},{"category":"Hospitals","address":"Plot No 21, Sector 6, Ghansoli, Navi Mumbai - 400701","name":"Divine Multispeciality Hospital\n","contactNo":"9820795366 , 02227900310, 02227601418, 02227601419, 02227601420","srNo":61,"city":"Ghansoli"},{"category":"Hospitals","address":"CIDCO B/2, Row No 4, House No 6, Sector 16, Near Vishnudas Bhave Natyagruha, Vashi, Navi Mumbai \u2013 400703","name":"Navi Mumbai Animal Clinic & Pet Shop","contactNo":"9821232774 , 02227662795, 02265230568, 02227864571","srNo":62,"city":"Vashi"},{"category":"Hospitals","address":"Office No 415, Nirman Vyapar Kendra, Sector 17, Vashi, Navi Mumbai \u2013 400705","name":"Clinique Aesthetica","contactNo":"9819414276, 9833923225 , 02227881707, 02227881708","srNo":63,"city":"Vashi"},{"category":"Hospitals","address":"Nl5/2/3, Sector-9, Opp Hotel Vin-vina, Nerul, Navi Mumbai \u2013 400706","name":"Desmond D'souza","contactNo":"2227703165","srNo":64,"city":"Nerul"},{"category":"Hospitals","address":"1st Floor, 111, Nirman Vyapar Premises, Sector 17,�Vashi, Navi Mumbai - 400705","name":"Smile Please Dental Clinic\n","contactNo":"9821662442, 9930185453 , 02227657810","srNo":65,"city":"Vashi"},{"category":"Hospitals","address":"Plot No 51, Sector No 15, Vashi, Navi Mumbai \u2013 400703","name":"Mohanlal Jeevandas Hospital","contactNo":"02227651135, 02227897676","srNo":66,"city":"Vashi"},{"category":"Hospitals","address":"Sector No 5, Nerul, Navi Mumbai \u2013 400706","name":"Dr D Y Patil Hospital & Research Centre","contactNo":"02239215999, 02227700300, 02239215901, 02239216020","srNo":67,"city":"Nerul"},{"category":"Hospitals","address":"Airoli Mode, Sector No 3, Thane Belapur Road, Airoli, Navi Mumbai \u2013 400708","name":"Indravati Singh Hospital","contactNo":"2227794520","srNo":68,"city":"Airoli"},{"category":"Hospitals","address":"Plot No 22, Sector No 3, Nerul East, Navi Mumbai - 400706\n","name":"Harish Hospital","contactNo":"02227707747, 02227707751","srNo":69,"city":"Nerul East"},{"category":"Hospitals","address":"National Highway No 4, Panvel, Navi Mumbai \u2013 410206","name":"Lifeline Hospital","contactNo":"02261567000, 02261567001, 02261567002, 02261567003","srNo":70,"city":"Panvel"},{"category":"Hospitals","address":"Sion Panvel Expressway, Sector No 7, Vashi, Navi Mumbai \u2013 400703","name":"Sterling Wockhardt Hospital","contactNo":"02266804444, 02266804272","srNo":71,"city":"Vashi"},{"category":"Hospitals","address":"Plot No 32, Sector No 4, Kalamboli, Navi Mumbai \u2013 410218","name":"Dr Singh's City Hospital & Medical Research Centre","contactNo":"02227421887, 02227426072","srNo":72,"city":"Kalamboli"},{"category":"Hospitals","address":"Plot No 22 A, Phase No 3, Sector No 6, Palm Beach Road, Nerul, Navi Mumbai \u2013 400706","name":"Shushrusha Heart Care Centre & Speciality Hospital","contactNo":"02227719245, 02227722506, 02227719246, 02227719248","srNo":73,"city":"Nerul"},{"category":"Hospitals","address":"Plot No R 831, TTC MIDC, Thane Belapur Road, Near Shell Petrol Pump, Rabale, Navi Mumbai \u2013 400708","name":"Dr Mahajan's Hospital & Industrial Trauma Centre","contactNo":"02227691679, 02227699524, 02227691677","srNo":74,"city":"Rabale"},{"category":"Hospitals","address":"Plot No 5 A, Sector No 4, Kharghar, Navi Mumbai \u2013 410210","name":"Niramaya Hospital","contactNo":"02227743976, 02265252121, 02265262121","srNo":75,"city":"Kharghar"},{"category":"Hospitals","address":"Plot No 6, Sector No 9, Kopar Khairane, Navi Mumbai \u2013 400703","name":"Dr Ajayan's Multispeciality Hospital","contactNo":"02227542254, 02227546468","srNo":76,"city":"Kopar Khairane"},{"category":"Hospitals","address":"Sector No 10 A, Vashi, Navi Mumbai \u2013 400703","name":"Municipal Corporation Hospital","contactNo":"02227899902, 02227899901, 02227899903, 02227899904","srNo":77,"city":"Vashi"},{"category":"Hospitals","address":"Plot No 109/01, Sector No 27, Near Presentation Convent School, Nerul East, Navi Mumbai \u2013 400706","name":"Dr Sonawane Hospital","contactNo":"2227703644","srNo":78,"city":"Nerul East"},{"category":"Hospitals","address":"Amrut Plot, Plot No 3/5/7, Sector No 19, Vijay Marg, New Panvel, Navi Mumbai \u2013 410206","name":"Sai Child Care Clinic","contactNo":"2227451941","srNo":79,"city":"Panvel"},{"category":"Hospitals","address":"5 F Building, Sector 3 B, Kalamboli, Navi Mumbai \u2013 410218","name":"Satyam Multispeciality Hospital","contactNo":"02227423439, 02227421266","srNo":80,"city":"Kalamboli"},{"category":"Hospitals","address":"Sector 18, Kamothe, Kalamboli, Navi Mumbai \u2013 400002","name":"Mahatma Gandhi Mission Hospital & Medical College","contactNo":"02227427990, 02227427991, 02227423404","srNo":81,"city":"Kalamboli"},{"category":"Hospitals","address":"Plot No 2, Phase 2, Sector No 8, Nerul West, Navi Mumbai \u2013 400706","name":"Manak Health Care Hospital","contactNo":"02227726907, 02227725917","srNo":82,"city":"Nerul West"},{"category":"Hospitals","address":"Plot No 19, Sector No 40, Palm Beach Road, Seawood West, Navi Mumbai \u2013 400706","name":"Millennium Hospital","contactNo":"9821050782 , 02227722999","srNo":83,"city":"Seawood West"},{"category":"Hospitals","address":"Plot No 2, Sector No 21, Kharghar, Navi Mumbai - 410210","name":"Om Navjeevan Hospital Pvt Ltd","contactNo":"02227740460, 02227740461","srNo":84,"city":"Kharghar"},{"category":"Hospitals","address":"House No 145, Tulsibhai Mhatre Marg, Koparkhairane Village , Sector 19, Opposite Shiv Sena Office, Kopar Khairane, Navi Mumbai \u2013 400709","name":"Siddhivinayak Hospital","contactNo":"9969511061 , 02227546469, 02269948499","srNo":85,"city":"Kopar Khairane"},{"category":"Hospitals","address":"Plot No 10, Khanda Colony, Sector No 6, New Panvel, Navi Mumbai \u2013 410206","name":"Ashtavinayak Hospital","contactNo":"02227453681, 02227453683","srNo":86,"city":"New Panvel"},{"category":"Hospitals","address":"Plot No 1/1-A, Sun Palm View, Sector No 15, Sanpada, Navi Mumbai \u2013 400705","name":"Suraj Hospital","contactNo":"02227810099, 02227810599","srNo":87,"city":"Sanpada"},{"category":"Hospitals","address":"Plot No 27, C/O Mangal Prabhu Hospital , Jui Nagar, Sector 4, Sanpada, Navi Mumbai \u2013 400705","name":"Dr Lal Path Lab","contactNo":"9820685126 , 02223712955, 02227711412","srNo":88,"city":"Sanpada"},{"category":"Hospitals","address":"2nd Floor, Raikar Bhavan, Sector No 17, Vashi, Navi Mumbai \u2013 400703","name":"Shree Hospital","contactNo":"02227668906, 02227890896","srNo":89,"city":"Vashi"},{"category":"Hospitals","address":"Plot No 35, Sector 3, Vashi, Navi Mumbai \u2013 400703","name":"MGM Hospital","contactNo":"2261526666","srNo":90,"city":"Vashi"},{"category":"Hospitals","address":"Amrut Plot, Plot No 3/5/7, Sector No 19, Vijay Marg, New Panvel, Navi Mumbai - 410206","name":"Sai Child Care Clinic","contactNo":"2227451941","srNo":91,"city":"New Panvel"},{"category":"Hospitals","address":"Swami Samartha Complex, Plot No 2 A, Sector No 16, Airoli, Navi Mumbai \u2013 400708","name":"Criticare ICCU Multi Speciality & Trauma Centre","contactNo":"02227794705, 02231926999, 02227792706","srNo":92,"city":"Airoli"},{"category":"Hospitals","address":"Plot No 12, Sector No 22, Phase 2, Nerul West, Navi Mumbai \u2013 400706","name":"Terna Sahyadri Speciality Hospital & Research Centre","contactNo":"2261578300","srNo":93,"city":"Nerul West"},{"category":"Hospitals","address":"Plot No 21-B, Sector No 11, Nerul East, Navi Mumbai \u2013 400706","name":"Surya Hospital & ICCU","contactNo":"02227714481, 02227714482","srNo":94,"city":"Nerul East"},{"category":"Hospitals","address":"Plot No 1 B, Sector No 9 A, Vashi, Navi Mumbai \u2013 400703","name":"Laksh Deep Hospital","contactNo":"02227664696, 02227660668, 02241637700","srNo":95,"city":"Vashi"},{"category":"Hospitals","address":"1st Floor, Archana Jyoti Building, Plot No 18, Sector No 17, Vashi, Navi Mumbai \u2013 400703","name":"Navjeevan Hospital","contactNo":"02227891801, 02227891958","srNo":96,"city":"Vashi"},{"category":"Hospitals","address":"Milan Shopping Center, Uran Karanja Road, Uran, Navi Mumbai \u2013 400702","name":"Palvi Hospital","contactNo":"2227222561","srNo":97,"city":"Uran"},{"category":"Hospitals","address":"Om Sai Prasad Apartment, Plot No 195/1, Dr Ambedkar Road, Panvel, Navi Mumbai \u2013 410206","name":"Likhite Hospital","contactNo":"2232988995","srNo":98,"city":"Panvel"},{"category":"Hospitals","address":"Plot No 1, Ground & 1st Floor, Rudra Ansh Building, Sector 48, Nerul West, Navi Mumbai \u2013 400706","name":"Mauli Health Care Hospital","contactNo":"02232985831, 02227729950","srNo":99,"city":"Nerul West"},{"category":"Hospitals","address":"Neel Orchid Building, Plot No 41, Khanda Colony, Sector No 10, Panvel, Navi Mumbai \u2013 410206","name":"Krishna Nursing Home","contactNo":"9323571755 , 02227463330, 02227483399","srNo":100,"city":"Panvel"},{"category":"Hospitals","address":"A Wing, Shivneri Building, Plot No 55, Sector No 2, Kopar Khairane, Navi Mumbai \u2013 400709","name":"Mauli Accident & General Hospital","contactNo":"9320127126 , 02227540046","srNo":101,"city":"Kopar Khairane"},{"category":"Hospitals","address":"Sector No 10, Opposite Bus Stop No 2, Airoli, Navi Mumbai \u2013 400701","name":"Vaishali Hospital","contactNo":"02227606147, 02225293572","srNo":102,"city":"Airoli"},{"category":"Hospitals","address":"Plot No 91, Gokulesh Dham, Sector No 5, Haware Road, Ghansoli, Navi Mumbai \u2013 400701","name":"Ashray Ghansoli Hospital","contactNo":"9320254154 , 02232586551","srNo":103,"city":"Ghansoli"},{"category":"Hospitals","address":"Plot No F 3, Sector No 12, Kharghar, Navi Mumbai \u2013 410210","name":"Ek Omkar Healthcare Centre","contactNo":"9967050055 , 02227743665, 02227743666","srNo":104,"city":"Kharghar"},{"category":"Hospitals","address":"Plot No 13, Sector No 10, Near D Mart, Kopar Khairane, Navi Mumbai \u2013 400709","name":"Rajpal Hospital","contactNo":"02227549911, 02227550101","srNo":105,"city":"Kopar Khairane"},{"category":"Hospitals","address":"1st Floor, Natasha Towers, Plot No 84, Sector No 17, Kopar Khairane, Navi Mumbai \u2013 400709","name":"Vedaant Multispeciality Hospital","contactNo":"02227542311, 02227542312","srNo":106,"city":"Kopar Khairane"},{"category":"Hospitals","address":"Sector 1, New Panvel East, New Panvel, Navi Mumbai \u2013 410206","name":"Neel Clinic","contactNo":"02227467850, 02227465324","srNo":107,"city":"New Panvel"},{"category":"Hospitals","address":"A Wing, Gul Apartment, New Uran Road, Panvel, Navi Mumbai \u2013 410206","name":"Nikam Parmar Hospital","contactNo":"02227454972, 02232106779","srNo":108,"city":"Panvel"},{"category":"Hospitals","address":"Plot No C 18, Sector No 4, Airoli, Navi Mumbai \u2013 400708","name":"Navjivan Hospital","contactNo":"9820093585","srNo":109,"city":"Airoli"},{"category":"Hospitals","address":"C/O Ambika Shopping Centre, 1st Floor, Sector No 8, Nerul, Navi Mumbai - 400706\n","name":"Kamlesh Mother And Child Hospital","contactNo":"9821446998 , 02227726878, 02227726237","srNo":110,"city":"Nerul"},{"category":"Hospitals","address":"196/1, Dr Babasaheb Ambedkar Marg, Panvel, Navi Mumbai \u2013 410206","name":"Dr Prabhakar Patwardhan Smruti Rugnalaya","contactNo":"2227462882","srNo":111,"city":"Panvel"},{"category":"Hospitals","address":"C/O Dr M D Rana Charitable Trust, Plot No 5, Khanda Colony, Sector No 1, New Panvel, Navi Mumbai - 410206","name":"Netrajyot Eye Hospital","contactNo":"02227458282, 02227491382","srNo":112,"city":"New Panvel"},{"category":"Hospitals","address":"Chanakya Complex, C B D Road, Sector No 6, Next To CBD Belapur Bus Depot, CBD Belapur, Navi Mumbai \u2013 400614","name":"Jairaj Hospital","contactNo":"02227570738, 02227578699","srNo":113,"city":"CBD Belapur"},{"category":"Hospitals","address":"A Wing, Nayana Palace, Plot No 29, Sector No 14, CBD Belapur, Navi Mumbai \u2013 400614","name":"Khanna Hospital","contactNo":"02227565372, 02232437378","srNo":114,"city":"CBD Belapur"},{"category":"Hospitals","address":"Office No A 53, 1st Floor, Sangharsha Building, Nerul West, Navi Mumbai \u2013 400706","name":"Sanjeevni Hospital","contactNo":"02227710205, 02227710204","srNo":115,"city":"Nerul West"},{"category":"Hospitals","address":"Plot No 25, Sector No 7, Vashi, Navi Mumbai \u2013 400703","name":"Dr Khopkar Maternity And Surgical Hospital","contactNo":"9322249886, 9768578090 , 02227821658","srNo":116,"city":"Vashi"},{"category":"Hospitals","address":"Sneha Apartment, Near Thane Naka, Panvel, Navi Mumbai \u2013 410206","name":"Mirajkar Hospital","contactNo":"2227450773","srNo":117,"city":"Panvel"},{"category":"Restaurants","address":"Plot No 3, Mumbai Pune Road, Sanpada, Navi Mumbai \u2013 400705","name":"Hotel Highway View","contactNo":"02227832197, 02227832203, 02240899777","srNo":118,"city":"Sanpada"},{"category":"Restaurants","address":"Plot No 18/27, Hiranandani Crystal Plaza, Sector 7, Kharghar, Navi Mumbai \u2013 410210","name":"Hotel Three Star Pvt Ltd","contactNo":"9320129093 , 02227741144, 02265170202, 02232694411","srNo":119,"city":"Kharghar"},{"category":"Restaurants","address":"Plot No 4, Sector 23, Sanpada, Navi Mumbai \u2013 400706","name":"Hotel Yogi Metropolitan","contactNo":"9967547010, 9833127581 , 02267683333\n","srNo":120,"city":"Sanpada"},{"category":"Restaurants","address":"Sai Sagar Building, Plot No 69, Sector 15, CBD Belapur, Navi Mumbai - 400614","name":"Hotel Corporate","contactNo":"02227578817, 02227578820, 02227578818, 02227578819","srNo":121,"city":"CBD Belapur"},{"category":"Restaurants","address":"Plot 39/1, 6 To 15, Sector 30A, Vashi, Navi Mumbai \u2013 400701","name":"Four Points By Sheraton","contactNo":"9619892695 , 02227817777, 02261587777","srNo":122,"city":"Vashi"},{"category":"Restaurants","address":"Buiding No 15 A, Laxman Commercial Complex, Sector No 18, Vashi, Navi Mumbai \u2013 400705","name":"Hotel Apex","contactNo":"9820506676 , 02227888421, 02227888422","srNo":123,"city":"Vashi"},{"category":"Restaurants","address":"Plot No 32, Sector 19/E, Opposite RTO, Vashi, Navi Mumbai \u2013 400705","name":"Shree Guest House","contactNo":"9324131428, 9322514172 , 02227664705, 02227881868, 02227830015","srNo":124,"city":"Vashi"},{"category":"Restaurants","address":"Plot 31/A, Sector No 24, Vashi, Navi Mumbai \u2013 400705","name":"Hotel Yogi Executive","contactNo":"9619870356, 8879788945 , 02267736774, 02267736773","srNo":125,"city":"Vashi"},{"category":"Restaurants","address":"Shop No 24, Safal Park, Sector-25, Nerul, Navi Mumbai \u2013 400706","name":"Day-Hit (India) Creations","contactNo":"9820517320 , 02227724719","srNo":126,"city":"Vashi"},{"category":"Restaurants","address":"Aishwarya Residency, Plot No 34/B, Sector 23, Nerul, Seawood, Navi Mumbai \u2013 400706","name":"Aishwarya Hotels","contactNo":"02227716729, 02227716730","srNo":127,"city":"seawood"},{"category":"Restaurants","address":"Plot No 1, Sector 10, Near Commisioner Office, CBD Belapur, Navi Mumbai \u2013 400614","name":"The Park Hotels","contactNo":"02227589000, 02267589000","srNo":128,"city":"CBD Belapur"},{"category":"Restaurants","address":"Plot No L/2, Road No 5, Opposite ACC Cement, Kalamboli, Navi Mumbai \u2013 410218","name":"Devanshi Inn Hotel","contactNo":"02227422301, 02227422302, 02227422303","srNo":129,"city":"Kalamboli"},{"category":"Restaurants","address":"Plot No L/2, Sector No 19, Palm Beach Road, Vashi, Navi Mumbai \u2013 400705","name":"Hotel Supreme Heritage","contactNo":"02227650580, 02227650579","srNo":130,"city":"Vashi"},{"category":"Restaurants","address":"Plot 39/1 , 6 To 15, Sector 30A, Vashi, Navi Mumbai \u2013 400701","name":"Chalet Hotel Limited","contactNo":"9619892695 , 02227817777, 02261587777","srNo":131,"city":"Vashi"},{"category":"Restaurants","address":"Brahma Complex, Sector 15, Palm Beach Road, CBD Belapur, Navi Mumbai - 400614","name":"Hotel Sea View","contactNo":"9892280167 , 02227560658","srNo":132,"city":"CBD Belapur"},{"category":"Restaurants","address":"Plot No 1, Vindya Commercial Complex, Sector 11, CBD Belapur, Navi Mumbai \u2013 400614","name":"Centre Point Restaurant & Bar","contactNo":"02227578932, 02227564679","srNo":133,"city":"CBD Belapur"},{"category":"Restaurants","address":"Plot No 46/55, Sector 11, CBD Belapur, Navi Mumbai \u2013 400614","name":"K Star Hotel","contactNo":"9702496262 , 02266269111","srNo":134,"city":"CBD Belapur"},{"category":"Restaurants","address":"Shop No 14, Indulge Hilton Centre, Sector 11, Plot No 66, Next To K Star Hotel, CBD Belapur, Navi Mumbai - 400614","name":"Parjax Hospitality Pvt Ltd","contactNo":"9821441958, 9820443437 , 02227563829, 02227563832","srNo":135,"city":"CBD Belapur"},{"category":"Restaurants","address":"Vishnu Complex, C Wing, Sector No 15, Palm Beach Road, CBD Belapur, Navi Mumbai - 400614","name":"Hotel Sea Shore","contactNo":"02227562686, 02227564608","srNo":136,"city":"CBD Belapur"},{"category":"Restaurants","address":"C / 103, Sai Sagar Building, Sector No 15, Plot No 69, Palm Beach Road, CBD Belapur, Navi Mumbai - 400614","name":"Ashwith Residency","contactNo":"02227561122, 02227581050, 02227581051, 02227561414","srNo":137,"city":"CBD Belapur"},{"category":"Restaurants","address":"Plot No P/11, TTC Industrial Area, MIDC, Turbhe, Navi Mumbai \u2013 400705","name":"Hotel Divya Residency","contactNo":"2227683378","srNo":138,"city":"Turbhe"},{"category":"Restaurants","address":"Plot No 8, Sector No 24, Mumbai Pune Highway, Turbhe, Navi Mumbai \u2013 400705","name":"Hotel Devi's Residency","contactNo":"02227830004, 02227830069, 02227830183, 02227835956","srNo":139,"city":"Turbhe"},{"category":"Restaurants","address":"Plot No DX 12, D Zone, TTC Industrial Area, Mumbai Pune Highway, Bonsari Village, Turbhe, Navi Mumbai \u2013 400613","name":"Yogi Midtown Hotel","contactNo":"9223535361 , 02266081111","srNo":140,"city":"Turbhe"},{"category":"Restaurants","address":"Plot No 261, T T C Industrial Area, Thane Belapur Road, Kopar Khairane, Navi Mumbai \u2013 400709","name":"Pritam Tea Hotel","contactNo":"2227781571","srNo":141,"city":"Kopar Khairane"},{"category":"Restaurants","address":"Shop No 5, Plot No 80, Sector No 8, Kopar Khairane, Navi Mumbai \u2013 400709","name":"Mayur Online And Hospitality","contactNo":"9323192954","srNo":142,"city":"Kopar Khairane"},{"category":"Restaurants","address":"Sector 2 A, Plot No 55 B, Main Road, Kopar Khairane, Navi Mumbai - 400706","name":"Varishtta Hotel","contactNo":"9821469069, 9892828352 , 02227540198, 02227540197","srNo":143,"city":"Kopar Khairane"},{"category":"Restaurants","address":"Shop No 10, City Apartments, Sector 16, Plot No 21, Kopar Khairane, Navi Mumbai \u2013 400709","name":"Kumar plaza","contactNo":"9960529900 , 02227554242","srNo":144,"city":"Kopar Khairane"},{"category":"Restaurants","address":"Plot No 305/307, Sector 1, Shirvane, Nerul East, Navi Mumbai \u2013 400706","name":"Baldev Palace Hotel","contactNo":"9833846960 , 02232670798","srNo":145,"city":"Nerul East"},{"category":"Restaurants","address":"Plot No 309, Sector 1, Shiravane Village, Nerul East, Navi Mumbai \u2013 400706","name":"Sunrise Hotel","contactNo":"9773429354 , 022 \u2013 27719698","srNo":146,"city":"Nerul East"},{"category":"Restaurants","address":"Mumbai Pune Road, New Panvel, Navi Mumbai \u2013 410206","name":"Hotel Planet 10","contactNo":"02227451888, 02227452888, 02227453888","srNo":147,"city":"New Panvel"},{"category":"Restaurants","address":"Plot No 16, Sector 12, Matheran Road, New Panvel, Navi Mumbai \u2013 410206","name":"Kolkars Hotel","contactNo":"9920176693 , 02232066636","srNo":148,"city":"New Panvel"},{"category":"Restaurants","address":"Plot No 27, Devichapada, MIDC Road, Taloja, New Panvel, Navi Mumbai \u2013 410206","name":"Hotel Tanish Residency","contactNo":"9769282777 , 02227411084, 02227411085","srNo":149,"city":"New Panvel"},{"category":"Restaurants","address":"Plot No L 1, Sector No 19, Palm Beach Road, Vashi, Navi Mumbai \u2013 400705","name":"Celebrations Hotel","contactNo":"02227800403, 02241023456, 02227800404, 02227800405, 02227800406","srNo":150,"city":"Vashi"},{"category":"Restaurants","address":"Plot No 22/26 , 1st Floor, Krishna Govind Tower , Sector No 24, Vashi, Navi Mumbai \u2013 400705","name":"Hotel Rex Plaza","contactNo":"02227841241, 02227831241","srNo":151,"city":"Vashi"},{"category":"Restaurants","address":"Ravechi Complex, RTO Road, Sector No 19/D, Behind City Centre Mall, Vashi, Navi Mumbai \u2013 400703","name":"Navi Mumbai Hotel","contactNo":"9819558331, 9920755682 , 02227838565","srNo":152,"city":"Vashi"},{"category":"Restaurants","address":"Plot 16, Sector No 19 D, Palm Beach Road, Vashi, Navi Mumbai \u2013 400705","name":"Fortune Select Exotica","contactNo":"02239884444, 02261504444","srNo":153,"city":"Vashi"},{"category":"Restaurants","address":"Plot No 41, Sector No 19 C, Behind Amol Hotel, Vashi, Navi Mumbai \u2013 400703","name":"Palm Hotel","contactNo":"9869723424, 9769057074 , 02227882578, 02227882579","srNo":154,"city":"Vashi"},{"category":"Restaurants","address":"4Th Level-Palm Beach Galleria Mall,Plot No-17, Sector 19D,Palm Beach Road, Near Apmc Police Station,Vashi (W), Vashi, Navi Mumbai \u2013 400703","name":"Mayfair Banquets - (Business Shutdown)","contactNo":"","srNo":155,"city":"Vashi"},{"category":"Restaurants","address":"Royal Orchid Central Grazia, Plot 67,L-3,Sector 19,Palm Beach Road, Vashi, Navi Mumbai - 121212","name":"Twilight","contactNo":"2241712345","srNo":156,"city":"Vashi"},{"category":"Restaurants","address":"Plot No L/2, Sector No 19, Palm Beach Road, Vashi, Navi Mumbai \u2013 400705","name":"Supreme Holidays Resorts Pvt Ltd","contactNo":"02227650580, 02227650579","srNo":157,"city":"Vashi"},{"category":"Restaurants","address":"Plot No 143, MCCH Society, Opposite Gandhi Hospital, Panvel, Navi Mumbai - 410206","name":"Payal Hotel","contactNo":"02227452622, 02227452917","srNo":158,"city":"Panvel"},{"category":"Restaurants","address":"Plot No 393, Lokmanya Nagar, Panvel, Navi Mumbai \u2013 410206","name":"Hotel Ratnadeep","contactNo":"2227455175","srNo":159,"city":"Panvel"},{"category":"Restaurants","address":"ONGC Road, Nagaon, Uran, Navi Mumbai \u2013 400702","name":"Hajime Tech Engineering And Hotel","contactNo":"9702672961 , 02227232283","srNo":160,"city":"Uran"},{"category":"Restaurants","address":"Site No 6, Sector No10/ E, Roadpali, Near Woodland Company, Kalamboli, Navi Mumbai \u2013 410218","name":"Pallavi Avida","contactNo":"02265821111, 02265812222","srNo":161,"city":"Kalamboli"},{"category":"Hotel","address":"Plot No R X 31, Thane Belapur Road, MIDC, Rabale, Navi Mumbai \u2013 400701","name":"South Coast Hotel","contactNo":"9833689620 , 02227696000, 02227697000, 02227697171","srNo":162,"city":"Rabale"},{"category":"Restaurants","address":"Plot No A/3, T T C Industrial Area, Subway Shilphata Road, Mahape, Navi Mumbai \u2013 400705","name":"Hotel Sunny Paradise","contactNo":"9867420388 , 02227784411","srNo":163,"city":"Mahape"},{"category":"Restaurants","address":"Plot Number 29, Sector 6 A, Near Mansarovar Railway Station, Kamothe, Navi Mumbai \u2013 410209","name":"Venkat Presidency","contactNo":"9320044848 , 02227434848, 02227435647, 02227432266, 02227435646","srNo":164,"city":"kamothe"},{"category":"Restaurants","address":"Plot No 11 A, Highway Bus Stop, Sector No 6 A, Kamothe, Navi Mumbai - 410209","name":"Hotel Parth","contactNo":"022 \u2013 65167893","srNo":165,"city":"kamothe"},{"category":"Restaurants","address":"Plot No 57/1, Sector 6A, Kamothe, Navi Mumbai \u2013 410209","name":"Hotel Mansarovar","contactNo":"02265262303, 02265262301, 02265262302","srNo":166,"city":"kamothe"},{"category":"Restaurants","address":"Four Points By Sheraton, Plot 39/1, 6 To 15, Sector 30A, Vashi, Navi Mumbai \u2013 400701","name":"Wrapped","contactNo":"2227817777","srNo":167,"city":"Vashi"},{"category":"Restaurants","address":"Plot No 1, Sector 10, Nerul, Navi Mumbai \u2013 400706","name":"Hotel Sai Baba (Pure Veg)","contactNo":"02227716216, 02227716266","srNo":168,"city":"Nerul"},{"category":"Restaurants","address":"Sai Sangam Building, Plot No 85, Sector 15, CBD Belapur, Navi Mumbai \u2013 400614","name":"Radha Krishna Veg Restaurant","contactNo":"02227564728, 02227573699","srNo":169,"city":"CBD Belapur"},{"category":"Restaurants","address":"Mermaid Building, Sector 11, CBD Belapur, Navi Mumbai \u2013 400614","name":"Biryani Guru","contactNo":"7303313535 , 02227561041","srNo":170,"city":"CBD Belapur"},{"category":"Restaurants","address":"C / 103, Sai Sagar Building, Sector No 15, Plot No 69, Palm Beach Road, CBD Belapur, Navi Mumbai \u2013 400614","name":"Ashwith Restaurant & Bar","contactNo":"02227581050, 02227561122, 02227581051","srNo":171,"city":"CBD Belapur"},{"category":"Restaurants","address":"Shop No 33 & 34, Patel Heritage, Sector No 7, Kharghar, Navi Mumbai \u2013 410210","name":"Chanchaldas Temptation (Pure Veg)","contactNo":"02265551100, 02265552200, 02265553300","srNo":172,"city":"Kharghar"},{"category":"Restaurants","address":"1, Orchid Building, Plot No 56, Sector 15, Kopar Khairane, Navi Mumbai - 400709","name":"Shalimar Restaurant","contactNo":"02227546102, 02227541697","srNo":173,"city":"Kopar Khairane"},{"category":"Restaurants","address":"Shop No 29, Krishna Kamal Building, Sector 21, Plot No 111, Nerul East, Navi Mumbai \u2013 400706","name":"New Shanghai","contactNo":"9870441881 , 02227704310","srNo":174,"city":"Nerul East"},{"category":"Restaurants","address":"1st Floor, Subham Complex, Sector 11, New Panvel, Navi Mumbai \u2013 410206","name":"Hotel Padma","contactNo":"2227450451","srNo":175,"city":"New Panvel"},{"category":"Restaurants","address":"Shop No 62 To 65, Moraj Residency, Palm Beach Road, Sector 16, Sanpada, Navi Mumbai \u2013 400705","name":"A Bhagat Tarachand","contactNo":"02265264939, 02265274939","srNo":176,"city":"Sanpada"},{"category":"Restaurants","address":"C/O Abbott Hotel, Sector 2, Vashi, Navi Mumbai \u2013 400703","name":"The Creek (Family Restaurant & Bar)","contactNo":"02227826677, 02227826427, 02227826426, 02240854567, 02227825804\n","srNo":177,"city":"Vashi"},{"category":"Restaurants","address":"C/O Inorbit Mall, Shop No G 51 & 52, Ground Floor, Sector No 30 A, Vashi, Navi Mumbai - 400705\n","name":"Pot Pourri Restaurant","contactNo":"9820120715, 9821285552 , 02227810548, 02227810549","srNo":178,"city":"Vashi"},{"category":"Restaurants","address":"Food Court, Vashi, Navi Mumbai \u2013 400703","name":"Prem Sagar Dosa Plaza (Pure Veg)","contactNo":"9833932144 , 02227812144","srNo":179,"city":"Vashi"},{"category":"Restaurants","address":"C/O Raghuleela Mall, Shop No 17, 18 & 19, 3rd Floor, Vashi, Navi Mumbai \u2013 400705","name":"Mumbai Chennai Express","contactNo":"9773958547, 9769657399","srNo":180,"city":"Vashi"},{"category":"Restaurants","address":"Shop No 48, Shreeji Heights, Sector 46 A, Off Palm Beach Road, Seawood West, Navi Mumbai \u2013 400706","name":"Bangali Mashi's Kitchen","contactNo":"9987073114 , 02265613214","srNo":181,"city":"Seawood West"},{"category":"Restaurants","address":"Thapar Complex, Sector 15, CBD Belapur, Navi Mumbai \u2013 400614","name":"Moti Mahal Grand Restaurant","contactNo":"9920952559, 9004910159 , 02227571818, 02227580527, 02227580528, 02227574173","srNo":182,"city":"CBD Belapur"},{"category":"Restaurants","address":"C/o Hotel Heritage Dakshin, Sai Chambers, Sector No 11, CBD Belapur, Navi Mumbai \u2013 400614","name":"Dakshin's Veg Kitchen (Pure Veg)","contactNo":"2227560203","srNo":183,"city":"CBD Belapur"},{"category":"Restaurants","address":"Shop No 22, Ground Floor, Plot No 4, Bhumi Colossa, Sector 19, Airoli, Navi Mumbai \u2013 400708","name":"Blu Ginger","contactNo":"8097041200, 8898741200 , 02265351200","srNo":184,"city":"Airoli"},{"category":"Restaurants","address":"C/o Hotel Risshi Residency, Sai Naman Building , Plot No 78/78 A, Opposite State Bank Of India, Kopar Khairane, Navi Mumbai \u2013 400701","name":"Coastal Curry","contactNo":"02264568881, 02264568896","srNo":185,"city":"Kopar Khairane"},{"category":"Restaurants","address":"Hotel Yogi Metropolitan, Plot No 4, Sector 24, Sanpada, Navi Mumbai \u2013 400706","name":"Flavors Restaurant","contactNo":"9867024816 , 02267683333","srNo":186,"city":"Sanpada"},{"category":"Restaurants","address":"C/O Abbot Hotel, Plot No 25, Sector 2, Vashi, Navi Mumbai \u2013 400703","name":"Cottage Bar","contactNo":"02227826425, 02227826677","srNo":187,"city":"Vashi"},{"category":"Restaurants","address":"C/o Inorbit Mall, Shop No 32, 1st Floor, Vashi, Navi Mumbai \u2013 400705","name":"Soy Street","contactNo":"02265255095, 02265133894","srNo":188,"city":"Vashi"},{"category":"Medical stores","address":"Shop No 9, Nilgiri Garden Shopping Complex, Sector No 24, Uran Road, CBD Belapur, Navi Mumbai \u2013 400614","name":"Mahavir Medical Store","contactNo":"9324245412, 9820343494 , 02227522364, 02227522221","srNo":189,"city":"CBD Belapur"},{"category":"Medical stores","address":"Address:   1-A, CBD Belapur, NaviMumbai- 400614","name":"MGM Hospital","contactNo":"02227581060\n02227581061\n","srNo":190,"city":"CBD Belapur"},{"category":"Medical stores","address":"Address:   2, Kharghar Sector 21, NaviMumbai- 410210","name":"Om Navjeevan Hospital","contactNo":"02227740460, 02227740461","srNo":191,"city":"Kharghar"},{"category":"Medical stores","address":"1, Chandrai Arcade, Sector 20, Nerul, NaviMumbai- 400707","name":"Apollo Pharmacy","contactNo":"2232458798","srNo":192,"city":"Nerul"},{"category":"Medical stores","address":"Sector 5, Nerul, NaviMumbai- 400706, Maharashtra\nLandmark:  Near Shiv Parvati Shopping Complex","name":"Dr. D.Y. Patil Hospital","contactNo":"02227700300, 02239215999\n","srNo":193,"city":"Nerul"},{"category":"Medical stores","address":"2, 2nd Phase, 8th Sector, Nerul, NaviMumbai- 400706","name":"Manak Health Care Hospital","contactNo":"02227725917, 02227726907\n9324535868","srNo":194,"city":"Nerul"},{"category":"Medical stores","address":"Phase-2, Plot-8/3, Nerul Sector 8, NaviMumbai- 400706","name":"Ojas Nursing Home","contactNo":"2227725634","srNo":195,"city":"Nerul"},{"category":"Medical stores","address":"5A, Sector-4, Kharghar, NaviMumbai- 410210","name":"Niramaya Hospital","contactNo":"02265262121,\n02265252121,\n9930321214, 9930321215","srNo":196,"city":"Kharghar"},{"category":"Medical stores","address":"32, NMMC General Hospital, Vashi Sector 10, NaviMumbai- 400703","name":"Rameshwar Chemist","contactNo":"9920047124, 9820047124","srNo":197,"city":"Vashi"},{"category":"Medical stores","address":"35, Vashi Sector 3, NaviMumbai- 400703, Maharashtra\nLandmark:  Near Vashi Police Station","name":"MGM New Bombay Hospital","contactNo":"02227820076,\n02261526666","srNo":198,"city":"Vashi"},{"category":"Medical stores","address":"30, The Affaires, Palm Beach Road, Sector-17, Sanpada, NaviMumbai- 400705, Maharashtra\nLandmark:  Near Sanpada Bus Stand","name":"Advanced Eye Hospital Pharmacy","contactNo":"2267313636","srNo":199,"city":"Sanpada"},{"category":"Medical stores","address":"4/E, Kalamboli, NaviMumbai- 410218, Maharashtra\nLandmark:  Opposite Kalamboli Bus Stop","name":"Mahatma Gandhi Mission Hospital","contactNo":"02227423405,\n02227422108","srNo":200,"city":"Kalamboli"},{"category":"Medical stores","address":"Sector- 17, Vashi, NaviMumbai- 400705, Maharashtra\nLandmark:  Near Hotel Navratna","name":"Shree Hospital , Vashi","contactNo":"02227668906,\n02227890896","srNo":201,"city":"Vashi"},{"category":"Medical stores","address":"168, Middle Class Housing Society, Panvel, NaviMumbai- 410206, Maharashtra\nLandmark:  In Middle Class Housing Society","name":"Nisha Medicals","contactNo":"02227480827,\n02227454457,\n9969066303","srNo":202,"city":"Panvel"},{"category":"Medical stores","address":"Address:   78, Panvel, NaviMumbai- 410206, Maharashtra\nLandmark:  Near Kohinoor Techincal Institute","name":"Purohit Hospital , Panvel , NaviMumbai","contactNo":"02227452922,\n02227450501","srNo":203,"city":"Panvel"},{"category":"Medical stores","address":"Gul Apartments, A-Wing, New Uran Road, Panvel, NaviMumbai- 410206\nLandmark:  Near Hotel Pancharat","name":"Nikam Parmar Hospital","contactNo":"02227454972,\n02227463634","srNo":204,"city":"Panvel"},{"category":"Medical stores","address":"12-13, Sector 20, Koparkhairane, NaviMumbai- 400709, Maharashtra\nLandmark:  Near Indian Oil Petrol Bunk","name":"Sai Snehdeep Hospital","contactNo":"02227544051-55,\n02239205700","srNo":205,"city":"Kopar Khairane"},{"category":"Medical stores","address":"R/831, Thane Belapur Road, Rabale, NaviMumbai- 400701, Maharashtra\nLandmark:  Near Rabale Police Station","name":"Dr. Mahajan Hospital And Industrial Trauma Centre , Rabale , NaviMumbai","contactNo":"02227691679,\n9320117002","srNo":206,"city":"Rabale"},{"category":"Medical stores","address":"182, Kamothe Sector 18, Kamothe, NaviMumbai- 410209, Maharashtra\nLandmark:  In Mahatma Gandhi Mission Hospital","name":"Mahatma Gandhi Mission Hospital","contactNo":"02227422459,\n02227423002","srNo":207,"city":"kamothe"},{"category":"Medical stores","address":"Sector Number 10/A, Vashi, NaviMumbai- 400201,\nLandmark:  Near - St. Mary Chowk","name":"Navi Mumbai Municipal Corporation Hospital","contactNo":"02227899901,\n02227899903","srNo":208,"city":"Vashi"},{"category":"Medical stores","address":"35 Sector 3, Vashi, Mumbai- 400703, Maharashtra\nLandmark:  Near Vashi Police Station","name":"Mahatma Gandhi Mission Hospital","contactNo":"02227822203,\n02261526666","srNo":209,"city":"Vashi"},{"category":"Medical stores","address":"Address:   Sagar Vihar Lane, Sector-5, Vashi, Mumbai- 400703, Maharashtra\nLandmark:  Opposite Ramdev Hotel","name":"ESIS Hospital","contactNo":"02227821405,\n02227821432","srNo":210,"city":"Vashi"},{"category":"Medical stores","address":"Shop Number 4, MG Hospital Premises, 15th Sector, Vashi, Mumbai- 400705, \nLandmark:  Near APMC Market","name":"Reetej Medical","contactNo":"02227662194\n","srNo":211,"city":"Vashi"},{"category":"Medical stores","address":"Shop Number 1/8, Ganesh Niketan, Sector Number 11, Vashi, Mumbai- 400703, \nLandmark:  Near Gaondevi Mandir","name":"Mahadev Medical","contactNo":"2227802503","srNo":212,"city":"Vashi"},{"category":"Medical stores","address":"Address:   1/B, Sector 9-A, Vashi, Mumbai- 400703, \nLandmark:  Near Jain Temple","name":"Lakshdeep Hospital And ICCU","contactNo":"02227664696,\n02227660668","srNo":213,"city":"Vashi"},{"category":"Garage","address":"Plot No R \u2013 232, TTC Industrial Area, Thane Belapur Road, Post Ghansoli, Rabale, Navi Mumbai \u2013 400701","name":"Antony Garages Pvt Ltd","contactNo":"02227691205, 02227692679","srNo":214,"city":"Ghansoli"},{"category":"Garage","address":"Pooja Apartment, Plot Number 98, Sector Number 2, Kopar Khairane, Navi Mumbai \u2013 400709","name":"Arif Auto Garage","contactNo":"9323204436, 9930814815, 9637007564","srNo":215,"city":"Kopar Khairane"},{"category":"Garage","address":"Shiv Sagar CHS Ltd, D-Wing, Room No 202, Plot No 3, Sector 8, Airoli, Navi Mumbai \u2013 400708","name":"Madhus Garage Equipments Pvt Ltd","contactNo":"9561065690, 9561065688, 9561554156","srNo":216,"city":"Airoli"},{"category":"Garage","address":"Plot No 10, A Wing, Room No 103, Krishna Apartment, Sector 36, Near Kamothe , Kalamboli, Navi Mumbai \u2013 410218","name":"Bhrigu Consulting And Engineers","contactNo":"9146546670, 9324556608, 9920247766 , 02232158998","srNo":217,"city":"Kalamboli"},{"category":"Garage","address":"28/24 Gr Flr, Alankar Market, Opp Sanpada Rly Station ,Next To Shikara Hotel, Turbhe, Navi Mumbai \u2013 400705","name":"S R Machine Tools.","contactNo":"9822025219 , 02227831114, 02227831115","srNo":218,"city":"Turbhe"},{"category":"Garage","address":"Shop No 3, Urvashi CHS, Phanas Pada, Plot No 103, Sector 19 & 20, CBD Belapur, Navi Mumbai \u2013 400614","name":"National Automobiles","contactNo":"9324656184 , 02264160573","srNo":219,"city":"CBD Belapur"},{"category":"Garage","address":"PLOT NO D-66,MIDC, TTC INDUSTRIAL AREA, THANE BELAPUR ROAD, Turbhe, Navi Mumbai \u2013 400701","name":"Volgady Pvt Ltd","contactNo":"2225545579","srNo":220,"city":"Turbhe"},{"category":"Garage","address":"Sector 2, Nerul West, Navi Mumbai \u2013 400706","name":"Siddhivinayak Garage","contactNo":"8898758148","srNo":221,"city":"Nerul West"},{"category":"Garage","address":"Shop No 34 & 35, Janata Market, Sector No 7, Vashi, Navi Mumbai \u2013 400703","name":"J J Garage","contactNo":"9029090903, 9819986872 , 02227824318","srNo":222,"city":"Vashi"},{"category":"Garage","address":"Shop No No 47, Mafco Road, Sector 18, Vashi, Navi Mumbai \u2013 400703","name":"Star Motors","contactNo":"9892874086","srNo":223,"city":"Vashi"},{"category":"Garage","address":"Khadeshwar, Kalamboli, Navi Mumbai \u2013 400067","name":"Rajiv Auto Work","contactNo":"9323796169","srNo":224,"city":"Kalamboli"}]}